날짜,순번,이름,포지션,정제된 이름
2023-10-14,3,유근명,CB,유근명
2023-10-14,5,김관규,CB,김관규
2023-10-14,29,박찬흥,CB,박찬흥
2023-10-14,8,김영안,CF,김영안
2023-10-14,10,최용석,CF,최용석
2023-10-14,13,정행식,CF,정행식
2023-10-14,2,오승준,CF,오승준
2023-10-14,18,김경림,CM,김경림
2023-10-14,4,조양연,CM,조양연
2023-10-14,6,정재경,CM,정재경
2023-10-14,7,김정욱,CM,김정욱
2023-10-14,15,조용학(늦참),CM,조용학
2023-10-14,17,임성배,CM,임성배
2023-10-14,19,이인규,CM,이인규
2023-10-14,24,천석주,CM,천석주
2023-10-14,25,석주 사촌1,CM,석주 사촌1
2023-10-14,26,석주 사촌2,CM,석주 사촌2
2023-10-14,28,윤형진,CM,윤형진
2023-10-14,31,배제전(12시퇴),CM,배제전
2023-10-14,12,김국남,FB,김국남
2023-10-14,9,우신우,FB,우신우
2023-10-14,11,신명철,FB,신명철
2023-10-14,16,이정재,FB,이정재
2023-10-14,22,오세경,FB,오세경
2023-10-14,23,홍성욱,FB,홍성욱
2023-10-14,30,최정욱,FB,최정욱
2023-10-14,1,윤형구,WF,윤형구
2023-10-14,14,정용준,WF,정용준
2023-10-14,20,박노봉,WF,박노봉
2023-10-14,21,한승엽,WF,한승엽
2023-10-14,27,한석(약늦참),WF,한석
2023-10-14,32,이준석,WF,이준석
2023-10-07,3,유근명,CB,유근명
2023-10-07,5,김관규,CB,김관규
2023-10-07,29,박찬흥,CB,박찬흥
2023-10-07,8,김영안,CF,김영안
2023-10-07,10,최용석,CF,최용석
2023-10-07,13,정행식,CF,정행식
2023-10-07,2,오승준,CF,오승준
2023-10-07,18,김경림,CM,김경림
2023-10-07,4,조양연,CM,조양연
2023-10-07,6,정재경,CM,정재경
2023-10-07,7,김정욱,CM,김정욱
2023-10-07,15,조용학(늦참),CM,조용학
2023-10-07,17,임성배,CM,임성배
2023-10-07,19,이인규,CM,이인규
2023-10-07,24,천석주,CM,천석주
2023-10-07,25,석주 사촌1,CM,석주 사촌1
2023-10-07,26,석주 사촌2,CM,석주 사촌2
2023-10-07,28,윤형진,CM,윤형진
2023-10-07,31,배제전(12시퇴),CM,배제전
2023-10-07,12,김국남,FB,김국남
2023-10-07,9,우신우,FB,우신우
2023-10-07,11,신명철,FB,신명철
2023-10-07,16,이정재,FB,이정재
2023-10-07,22,오세경,FB,오세경
2023-10-07,23,홍성욱,FB,홍성욱
2023-10-07,30,최정욱,FB,최정욱
2023-10-07,1,윤형구,WF,윤형구
2023-10-07,14,정용준,WF,정용준
2023-10-07,20,박노봉,WF,박노봉
2023-10-07,21,한승엽,WF,한승엽
2023-10-07,27,한석(약늦참),WF,한석
2023-10-07,32,이준석,WF,이준석
2023-10-03,11,김관규,CB,김관규
2023-10-03,21,박찬흥,CB,박찬흥
2023-10-03,10,오세경,CF,오세경
2023-10-03,13,반기현,CF,반기현
2023-10-03,20,김영안,CF,김영안
2023-10-03,23,안광서,CF,안광서
2023-10-03,1,오승준,CM,오승준
2023-10-03,8,유근명,CM,유근명
2023-10-03,4,정재경,CM,정재경
2023-10-03,14,배제전,CM,배제전
2023-10-03,15,조용학,CM,조용학
2023-10-03,18,김현민,CM,김현민
2023-10-03,6,설현중,FB,설현중
2023-10-03,7,우신우,FB,우신우
2023-10-03,9,김상수,FB,김상수
2023-10-03,12,신명철,FB,신명철
2023-10-03,16,정진환,FB,정진환
2023-10-03,17,홍성욱,FB,홍성욱
2023-10-03,2,윤형구,WF,윤형구
2023-10-03,3,조양연,WF,조양연
2023-10-03,5,정재원,WF,정재원
2023-10-03,19,이병규,WF,이병규
2023-10-03,22,이영세,WF,이영세
2023-09-30,4,김관규,CB,김관규
2023-09-30,17,김국남,CB,김국남
2023-09-30,24,박찬흥,CB,박찬흥
2023-09-30,6,김영안,CF,김영안
2023-09-30,12,안광서,CF,안광서
2023-09-30,5,오승준,CF,오승준
2023-09-30,1,유근명,CF,유근명
2023-09-30,7,김경림,CM,김경림
2023-09-30,9,천석주,CM,천석주
2023-09-30,18,임성배,CM,임성배
2023-09-30,21,김현민,CM,김현민
2023-09-30,23,배제전,CM,배제전
2023-09-30,27,윤형진,CM,윤형진
2023-09-30,29,민서,CM,민서
2023-09-30,16,우신우,FB,우신우
2023-09-30,3,설현중,FB,설현중
2023-09-30,8,홍성욱,FB,홍성욱
2023-09-30,20,김상수,FB,김상수
2023-09-30,25,이정재,FB,이정재
2023-09-30,26,신명철,FB,신명철
2023-09-30,28,이영세,FB,이영세
2023-09-30,13,한석,WF,한석
2023-09-30,2,조양연,WF,조양연
2023-09-30,22,김충,WF,김충
2023-09-30,14,윤형구,WF,윤형구
2023-09-30,15,이준석,WF,이준석
2023-09-30,31,최정욱,WF,최정욱
2023-09-15,5,이규현,CB,이규현
2023-09-15,10,김관규,CB,김관규
2023-09-15,19,김국남,CB,김국남
2023-09-15,15,정행식,CF,정행식
2023-09-15,21,반기현,CF,반기현
2023-09-15,1,유근명,CM,유근명
2023-09-15,2,조양연,CM,조양연
2023-09-15,3,정재경,CM,정재경
2023-09-15,13,오승준,CM,오승준
2023-09-15,14,김경림,CM,김경림
2023-09-15,17,임성배,CM,임성배
2023-09-15,22,조용학,CM,조용학
2023-09-15,7,오세경,FB,오세경
2023-09-15,8,우신우 (14시까지),FB,우신우 
2023-09-15,9,신명철,FB,신명철
2023-09-15,11,설현중,FB,설현중
2023-09-15,12,한석,FB,한석
2023-09-15,20,이병규,FB,이병규
2023-09-15,16,정용준,WF,정용준
2023-09-15,18,김충,WF,김충
2023-09-14,23,박찬흥,CB,박찬흥
2023-09-14,3,유근명 (9시부터),CF,유근명 
2023-09-14,12,임동균 (부상),CF,임동균 
2023-09-14,14,김경림 (8시부터),CF,김경림 
2023-09-14,17,반기현,CF,반기현
2023-09-14,2,조양연,CM,조양연
2023-09-14,4,정재경,CM,정재경
2023-09-14,5,오승준,CM,오승준
2023-09-14,8,김정욱,CM,김정욱
2023-09-14,11,배재전,CM,배재전
2023-09-14,16,조용학,CM,조용학
2023-09-14,20,임성배,CM,임성배
2023-09-14,30,김현민,CM,김현민
2023-09-14,6,신명철,FB,신명철
2023-09-14,9,문정호 (늦),FB,문정호 
2023-09-14,10,오세경,FB,오세경
2023-09-14,15,우신우,FB,우신우
2023-09-14,1,윤형구,WF,윤형구
2023-09-14,7,한석 (9시까지),WF,한석 
2023-09-14,18,천석주,WF,천석주
2023-09-14,19,석주 친구,WF,석주 친구
2023-09-14,24,김승현 (늦),WF,김승현 
2023-09-14,29,이영세,WF,이영세
2023-09-09,3,김관규,CB,김관규
2023-09-09,9,정행식,CB,정행식
2023-09-09,21,박찬흥,CB,박찬흥
2023-09-09,26,배제전,CB,배제전
2023-09-09,1,유근명,CF,유근명
2023-09-09,6,김영안,CF,김영안
2023-09-09,8,설현중,CF,설현중
2023-09-09,22,반기현,CF,반기현
2023-09-09,2,정재경,CM,정재경
2023-09-09,4,오승준,CM,오승준
2023-09-09,12,김경림,CM,김경림
2023-09-09,13,한석 (늦),CM,한석 
2023-09-09,19,임성배,CM,임성배
2023-09-09,20,조용학,CM,조용학
2023-09-09,7,이병규,FB,이병규
2023-09-09,11,우신우,FB,우신우
2023-09-09,15,신명철,FB,신명철
2023-09-09,18,홍성욱,FB,홍성욱
2023-09-09,28,문정호 (조퇴),FB,문정호 
2023-09-09,10,정용준,FB,정용준
2023-09-09,23,"최명근 (59, GK)",GK,최명근 
2023-09-09,5,윤형구,WF,윤형구
2023-09-09,14,김충,WF,김충
2023-09-09,16,이준석,WF,이준석
2023-09-09,17,박노봉,WF,박노봉
2023-09-01,3,김상수,CB,김상수
2023-09-01,21,맹재훈,CB,맹재훈
2023-09-01,27,김국남,CB,김국남
2023-09-01,29,김민헌,CB,김민헌
2023-09-01,2,유근명,CF,유근명
2023-09-01,9,안광서,CF,안광서
2023-09-01,10,김경림,CF,김경림
2023-09-01,6,설현중,CF,설현중
2023-09-01,4,정재경,CM,정재경
2023-09-01,8,오승준,CM,오승준
2023-09-01,11,임성배,CM,임성배
2023-09-01,12,윤형진,CM,윤형진
2023-09-01,15,배제전,CM,배제전
2023-09-01,16,박찬흥,CM,박찬흥
2023-09-01,19,김현민,CM,김현민
2023-09-01,20,이영세,CM,이영세
2023-09-01,22,김승현,CM,김승현
2023-09-01,24,조용학,CM,조용학
2023-09-01,5,오세경,FB,오세경
2023-09-01,7,이병규,FB,이병규
2023-09-01,17,반기현 (늦을수두),FB,반기현 
2023-09-01,23,우신우 (늦을수두),FB,우신우 
2023-09-01,25,최정욱,FB,최정욱
2023-09-01,26,홍성욱,FB,홍성욱
2023-09-01,14,한승엽,WF,한승엽
2023-09-01,1,윤형구,WF,윤형구
2023-09-01,13,문정호 (늦을수두),WF,문정호 
2023-09-01,18,이준석,WF,이준석
2023-09-01,28,김충,WF,김충
2023-08-26,1,윤형구,WF,윤형구
2023-08-26,2,정재경,CM,정재경
2023-08-26,3,조양연,CM,조양연
2023-08-26,4,김정욱,CB,김정욱
2023-08-26,5,김영안,CF,김영안
2023-08-26,6,오승준,CM,오승준
2023-08-26,7,우신우,FB,우신우
2023-08-26,8,신명철,FB,신명철
2023-08-26,9,반기현,FB,반기현
2023-08-26,10,안광서,CF,안광서
2023-08-26,11,박노봉,WF,박노봉
2023-08-26,12,한승엽,CB,한승엽
2023-08-26,13,한석 (늦),CM,한석 
2023-08-26,14,김민헌,CB,김민헌
2023-08-26,16,배제전,CM,배제전
2023-08-26,17,이병규,CB,이병규
2023-08-26,18,최정욱 (12시 퇴),FB,최정욱 
2023-08-26,19,김국남,CB,김국남
2023-08-26,21,김승현(늦),CM,김승현
2023-08-26,22,천석주,CM,천석주
2023-08-26,23,유근명,CF,유근명
2023-08-26,24,김관규,CB,김관규
2023-08-26,25,임성배,CM,임성배
2023-08-26,26,문정호,WF,문정호
2023-08-26,27,박찬흥,CM,박찬흥
2023-08-26,28,조용학,CM,조용학
2023-08-26,29,최용석,CF,최용석
2023-08-26,30,이준석,WF,이준석
2023-08-26,15,김충,WF,김충
2023-08-18,4,이규현,CB,이규현
2023-08-18,11,김정욱,CB,김정욱
2023-08-18,19,이병규,CB,이병규
2023-08-18,2,김상수 (조퇴),CB,김상수 
2023-08-18,13,정행식,CF,정행식
2023-08-18,16,김영안,CF,김영안
2023-08-18,21,유근명,CF,유근명
2023-08-18,23,김경림,CF,김경림
2023-08-18,30,윤형진,CM,윤형진
2023-08-18,3,정재경,CM,정재경
2023-08-18,10,오승준,CM,오승준
2023-08-18,15,임성배,CM,임성배
2023-08-18,22,김승현(늦),CM,김승현
2023-08-18,24,이영세,CM,이영세
2023-08-18,6,우신우,FB,우신우
2023-08-18,7,신명철,FB,신명철
2023-08-18,9,설현중,FB,설현중
2023-08-18,12,문정호,FB,문정호
2023-08-18,18,반기현,FB,반기현
2023-08-18,20,오세경,FB,오세경
2023-08-18,1,윤형구,WF,윤형구
2023-08-18,5,박노봉,WF,박노봉
2023-08-18,8,김충,WF,김충
2023-08-18,14,정용준,WF,정용준
2023-08-18,17,이준석,WF,이준석
2023-08-15,6,김정욱,CB,김정욱
2023-08-15,15,박찬흥,CB,박찬흥
2023-08-15,24,한석,CB,한석
2023-08-15,16,이병규,CB,이병규
2023-08-15,3,정행식,CF,정행식
2023-08-15,10,김영안,CF,김영안
2023-08-15,11,유근명,CF,유근명
2023-08-15,22,김경림,CF,김경림
2023-08-15,12,오승준,CM,오승준
2023-08-15,2,조양연,CM,조양연
2023-08-15,7,정재경,CM,정재경
2023-08-15,14,임성배,CM,임성배
2023-08-15,19,배제전,CM,배제전
2023-08-15,21,이영세,CM,이영세
2023-08-15,23,천석주,CM,천석주
2023-08-15,30,윤형진,CM,윤형진
2023-08-15,20,김현민,FB,김현민
2023-08-15,8,신명철,FB,신명철
2023-08-15,9,설현중,FB,설현중
2023-08-15,13,오세경,FB,오세경
2023-08-15,18,안광서,FB,안광서
2023-08-15,5,우신우,FB,우신우
2023-08-15,1,윤형구,WF,윤형구
2023-08-15,4,정용준,WF,정용준
2023-08-15,17,이준석,WF,이준석
2023-08-15,29,지승환,WF,지승환
2023-08-11,9,김국남,CB,김국남
2023-08-11,10,이규현,CB,이규현
2023-08-11,19,박찬흥,CB,박찬흥
2023-08-11,24,재훈,CB,재훈
2023-08-11,3,유근명,CF,유근명
2023-08-11,13,김영안,CF,김영안
2023-08-11,17,김경림,CF,김경림
2023-08-11,11,이병규 (8시),CF,이병규 
2023-08-11,4,오승준,CM,오승준
2023-08-11,2,조양연,CM,조양연
2023-08-11,5,정재경,CM,정재경
2023-08-11,14,김정욱,CM,김정욱
2023-08-11,15,배제전,CM,배제전
2023-08-11,20,윤형진,CM,윤형진
2023-08-11,23,김현민,CM,김현민
2023-08-11,25,천석주,CM,천석주
2023-08-11,30,김승현,CM,김승현
2023-08-11,22,이영세,CM,이영세
2023-08-11,8,신명철,FB,신명철
2023-08-11,18,문정호,FB,문정호
2023-08-11,21,오세경,FB,오세경
2023-08-11,26,석주 친구,FB,석주 친구
2023-08-11,27,김상수,FB,김상수
2023-08-11,28,반기현,FB,반기현
2023-08-11,29,정진환,FB,정진환
2023-08-11,1,윤형구,WF,윤형구
2023-08-11,6,이정재,WF,이정재
2023-08-11,7,김충,WF,김충
2023-08-11,12,이준석,WF,이준석
2023-08-11,16,한석,WF,한석
2023-08-11,31,한승엽,FB,한승엽
2023-08-05,9,오승준,CB,오승준
2023-08-05,10,김국남,CB,김국남
2023-08-05,8,유근명,CF,유근명
2023-08-05,12,최용석,CF,최용석
2023-08-05,3,정재경,CM,정재경
2023-08-05,14,조용학,CM,조용학
2023-08-05,15,배제전,CM,배제전
2023-08-05,2,조양연,CM,조양연
2023-08-05,5,우신우,FB,우신우
2023-08-05,6,신명철,FB,신명철
2023-08-05,7,반기현,FB,반기현
2023-08-05,11,김승현,FB,김승현
2023-08-05,1,윤형구,WF,윤형구
2023-08-05,4,오세경,WF,오세경
2023-08-05,13,박노봉,WF,박노봉
2023-08-05,16,김경림,CM,김경림
2023-08-05,17,이정재,WF,이정재
2023-07-29,7,김국남,CB,김국남
2023-07-29,22,박찬흥,CB,박찬흥
2023-07-29,8,김정욱,CB,김정욱
2023-07-29,3,오승준,CB,오승준
2023-07-29,14,정행식,CF,정행식
2023-07-29,16,최용석,CF,최용석
2023-07-29,18,안광서,CF,안광서
2023-07-29,19,유근명,CF,유근명
2023-07-29,6,정재경,CM,정재경
2023-07-29,12,임성배,CM,임성배
2023-07-29,17,김민헌,CM,김민헌
2023-07-29,20,윤형진,CM,윤형진
2023-07-29,27,조용학,CM,조용학
2023-07-29,28,김경림,CM,김경림
2023-07-29,13,김승현,FB,김승현
2023-07-29,26,이인규,FB,이인규
2023-07-29,2,조양연,FB,조양연
2023-07-29,4,우신우,FB,우신우
2023-07-29,5,신명철,FB,신명철
2023-07-29,10,반기현,FB,반기현
2023-07-29,1,윤형구,WF,윤형구
2023-07-29,9,오세경,WF,오세경
2023-07-29,11,한석,WF,한석
2023-07-29,15,정용준,WF,정용준
2023-07-24,1,윤형구,WF,윤형구
2023-07-24,2,유근명(9시),CF,유근명
2023-07-24,3,조양연,WF,조양연
2023-07-24,4,우신우,FB,우신우
2023-07-24,5,김경림,CM,김경림
2023-07-24,6,정재경,CM,정재경
2023-07-24,7,반기현,CF,반기현
2023-07-24,8,오세경,WF,오세경
2023-07-24,10,이병규(8시),FB,이병규
2023-07-24,11,안광서,CF,안광서
2023-07-24,10,천석주,WF,천석주
2023-07-24,12,문정호,FB,문정호
2023-07-24,13,김승현,CM,김승현
2023-07-24,14,오승준,CM,오승준
2023-07-24,15,김정욱,CM,김정욱
2023-07-21,14,한석,CM,한석
2023-07-21,24,박찬흥,CB,박찬흥
2023-07-21,27,김승현,CB,김승현
2023-07-21,28,이규현,CB,이규현
2023-07-21,3,유근명,CF,유근명
2023-07-21,7,문정호,CF,문정호
2023-07-21,15,김영안,CF,김영안
2023-07-21,19,최용석,CF,최용석
2023-07-21,2,정재경,CM,정재경
2023-07-21,5,김정욱,CM,김정욱
2023-07-21,12,조용학,CM,조용학
2023-07-21,18,김경림,CM,김경림
2023-07-21,26,배제전,CM,배제전
2023-07-21,29,김현민,CM,김현민
2023-07-21,4,설현중,FB,설현중
2023-07-21,6,김상수,FB,김상수
2023-07-21,10,오세경,FB,오세경
2023-07-21,16,이정재,FB,이정재
2023-07-21,17,김국남,FB,김국남
2023-07-21,20,이병규,FB,이병규
2023-07-21,1,윤형구,WF,윤형구
2023-07-21,8,오승준,WF,오승준
2023-07-21,9,우신우,WF,우신우
2023-07-21,11,신명철,WF,신명철
2023-07-21,13,최정욱,WF,최정욱
2023-07-21,21,임동균,WF,임동균
2023-07-21,22,천석주,WF,천석주
2023-07-21,30,이영세,WF,이영세
2023-07-21,31,안광서,WF,안광서
2023-07-15,19,김경림,CM,김경림
2023-07-15,8,김관규,CB,김관규
2023-07-15,13,김국남,FB,김국남
2023-07-15,18,김영안,CF,김영안
2023-07-15,23,문정호,CB,문정호
2023-07-15,17,박노봉,CM,박노봉
2023-07-15,20,박찬흥,CB,박찬흥
2023-07-15,24,반기현,CF,반기현
2023-07-15,26,배제전,CM,배제전
2023-07-15,10,신명철,WF,신명철
2023-07-15,16,오세경,FB,오세경
2023-07-15,4,오승준,WF,오승준
2023-07-15,14,우신우,WF,우신우
2023-07-15,22,유근명,CF,유근명
2023-07-15,1,윤형구,WF,윤형구
2023-07-15,7,윤형진,CM,윤형진
2023-07-15,3,이규현,CB,이규현
2023-07-15,25,이인규,CB,이인규
2023-07-15,6,정용준,FB,정용준
2023-07-15,2,정재경,CM,정재경
2023-07-15,15,정진환,FB,정진환
2023-07-15,5,정행식,CF,정행식
2023-07-15,11,조양연,WF,조양연
2023-07-15,9,조용학,CM,조용학
2023-07-15,21,홍성욱,WF,홍성욱
2023-07-15,12,황정현,CB,황정현
2023-07-01,1,이인규,CB,이인규
2023-07-01,2,이규현,CB,이규현
2023-07-01,3,조용학,CB,조용학
2023-07-01,4,박찬흥,CB,박찬흥
2023-07-01,5,김민헌,CB,김민헌
2023-07-01,6,반기현,CF,반기현
2023-07-01,7,최용석,CF,최용석
2023-07-01,8,김영안,CF,김영안
2023-07-01,9,김경림,CM,김경림
2023-07-01,10,김정욱,CM,김정욱
2023-07-01,11,정재경,CM,정재경
2023-07-01,12,임성배,CM,임성배
2023-07-01,13,윤형진,CM,윤형진
2023-07-01,14,박노봉,CM,박노봉
2023-07-01,15,조양연,CM,조양연
2023-07-01,16,김승현,FB,김승현
2023-07-01,17,김국남,FB,김국남
2023-07-01,18,한석(12시까지),FB,한석
2023-07-01,19,신명철,FB,신명철
2023-07-01,20,오세경,FB,오세경
2023-07-01,21,우신우,WF,우신우
2023-07-01,22,윤형구,WF,윤형구
2023-07-01,23,김영휘,WF,김영휘
2023-07-01,24,안광서,WF,안광서
2023-07-01,25,최정욱,WF,최정욱
